Category,Screen Size(in inches),Screen Resolution,CPU,GHz,RAM(IN GB),Storage(Gb),GPU,OS,Weight (in kg),Price (in php)
2,13.3,1600,5,2.3,8,1,0,0,1.37,81005.16
2,13.3,900,5,1.8,8,5,0,0,1.34,54354.95
1,15.6,1080,5,2.5,8,1,0,8,1.86,34767.72
2,15.4,1800,6,2.7,16,1,1,0,1.83,153428.44
2,13.3,1600,5,3.1,8,1,0,0,1.37,109055.76
1,15.6,768,11,3,4,0,1,6,2.1,24186.24
2,15.4,1800,6,2.2,16,5,0,1,2.04,129394.57
2,13.3,900,5,1.8,8,5,0,0,1.34,70061.49
2,14,1080,6,1.8,16,1,1,6,1.3,90396.07
2,14,1080,5,1.6,8,1,0,6,1.6,46558.51
1,15.6,768,5,2.5,4,0,0,8,1.86,23817.4
1,15.6,1080,4,2,4,0,0,8,1.86,20860.03
2,15.4,1800,6,2.8,16,1,1,0,1.83,147534.25
1,15.6,1080,4,2,4,1,1,6,2.2,30166.29
2,12,1440,7,1.2,8,1,0,0,0.92,76331.77
2,13.3,1600,5,2.3,8,1,0,0,1.37,91820.04
1,15.6,1080,6,2.7,8,1,1,6,2.2,45046.87
2,15.4,1800,6,2.9,16,1,1,0,1.83,172810.68
1,15.6,1080,4,2.4,8,0,1,8,2.2,30172.33
2,13.3,1080,5,1.6,8,1,0,6,1.22,59195.82
5,11.6,768,0,1.44,2,5,0,6,0.98,11603.35
3,15.6,1080,5,2.5,8,3,1,6,2.5,60405.13
1,15.6,768,15,1.5,4,0,1,8,1.86,15600.12
4,13.3,1080,5,1.6,8,1,0,6,1.62,49521.33
2,15.6,1080,6,1.8,8,1,0,6,1.91,39846.83
1,15.6,768,4,2,4,0,0,6,2.3,25313.32
2,13.3,900,5,1.6,8,5,0,1,1.35,66451.69
1,15.6,1080,5,1.6,8,1,1,6,2.2,48372.48
2,15.6,1080,6,1.9,8,3,0,6,1.88,78484.35
1,17.3,1080,5,1.6,8,0,1,6,2.5,54177.18
1,15.6,1080,0,1.44,4,5,0,6,1.89,14813.47
1,14,768,14,1.5,2,5,1,6,1.65,12032.65
1,17.3,1080,9,2.5,4,0,1,6,2.71,26544.4
2,13.3,1800,6,1.8,16,1,0,6,1.2,113010.21
2,13.3,900,5,1.6,8,5,0,1,1.35,60344.67
1,14,768,1,1.1,4,5,0,6,1.44,15055.93
1,15.6,768,4,2.7,4,0,0,2,2.1,22190.88
1,17.3,1080,5,1.6,8,3,1,6,2.8,59195.82
1,15.6,768,5,2.5,4,0,0,6,1.86,29548.93
1,15.6,1080,5,1.6,8,1,1,6,2.1,53149.26
1,15.6,1080,4,2,4,0,0,2,2,23521.12
3,15.6,1080,6,2.8,16,3,1,6,2.65,90637.93
1,15.6,768,5,2.5,8,0,1,2,2.3,31622.9
1,15.6,1080,5,1.6,4,1,0,6,2.2,41237.54
4,17.3,1080,5,1.6,12,0,1,6,2.77,60405.13
2,13.3,1600,5,2,8,1,0,0,1.37,85800.69
1,15.6,768,4,2,4,1,0,8,2.2,22311.81
3,17.3,1080,16,3,8,3,1,6,3.2,78544.81
1,15.6,1080,5,2.5,4,1,1,6,2.3,38637.52
1,17.3,768,3,1.1,4,0,1,6,2.8,28176.97
4,10.1,1200,0,1.44,4,5,0,4,0.69,19288.53
1,15.6,1080,6,1.8,8,1,1,6,2.2,50851.57
1,15.6,1080,9,2.5,4,1,1,6,1.86,24094.94
1,13.3,1080,6,1.8,8,1,0,6,1.49,66693.56
1,15.6,768,4,2.4,4,0,0,6,2.4,23218.79
1,15.6,1080,6,1.8,8,1,1,6,2.13,46425.49
1,15.6,1080,4,2,4,1,0,6,1.91,26544.4
1,15.6,768,5,2.5,4,1,0,6,2,35444.33
3,17.3,1080,6,2.8,16,3,1,6,2.43,148080.25
1,15.6,1080,4,2,4,1,0,2,2,25093.22
1,17.3,1080,6,1.8,16,3,1,6,2.8,78544.81
2,14,1080,5,1.6,8,1,0,6,1.7,53149.26
1,14,1080,4,2.7,8,1,0,8,1.7,36218.89
1,14,1080,5,1.6,8,1,0,6,1.4,56898.13
1,15.6,1080,5,2.5,8,1,0,6,1.86,41721.26
2,15.6,1080,6,2.8,16,1,1,6,1.8,119903.28
1,15.6,768,4,2,4,0,1,6,1.86,26525.65
1,14,768,1,1.6,4,1,0,6,1.44,13846.62
1,15.6,1080,5,2.5,4,0,0,6,1.9,33195.61
3,17.3,1080,6,2.8,12,0,1,2,3,57381.85
2,13.5,1504,5,2.5,4,1,0,7,1.252,65847.04
2,13.3,1080,6,1.8,8,1,1,6,1.4,57744.65
1,15.6,1080,6,1.8,8,1,1,6,2.2,52605.07
3,17.3,1080,5,2.5,8,3,1,6,2.7,66209.83
1,14,768,4,2,8,0,0,6,2.1,23521.12
3,15.6,1080,6,2.8,8,0,1,6,2.2,57381.85
1,15.6,1080,5,2.5,8,0,0,8,2.2,31381.65
1,15.6,1080,6,1.8,8,3,0,6,2.02,51698.09
1,15.6,1080,4,2.7,4,0,1,6,2.2,32046.77
1,17.3,1080,5,1.6,8,3,1,6,2.5,59074.89
2,15.6,1080,5,1.6,8,1,0,6,1.88,66279.97
2,12,1440,5,1.3,8,1,0,0,0.92,91303.06
1,14,1080,5,1.6,8,1,0,6,1.63,52000.42
1,15.6,1080,9,2.5,4,1,1,6,2.2,24125.77
1,15.6,768,11,3,4,0,1,6,2.1,23883.91
3,15.6,1080,6,2.8,16,3,1,6,2.65,81568.09
2,15.6,1080,6,1.8,8,1,1,6,1.83,42265.45
1,15.6,1080,5,2.5,8,1,0,6,1.96,36218.29
3,15.6,1080,6,2.8,16,3,1,6,2.2,87614.65
2,13.3,1080,6,1.8,8,1,0,6,1.21,99707.77
3,15.6,1080,15,3,8,0,1,6,2.45,42265.45
1,15.6,1080,6,1.8,8,0,1,6,2.2,41660.8
1,13.3,1080,6,1.8,16,1,0,6,1.49,72377.32
3,15.6,1080,5,2.5,8,1,1,6,2.65,72256.39
2,14,1080,6,2.7,8,1,0,6,1.25,63428.41
4,13.3,1080,5,1.6,8,1,0,6,1.5,51214.36
1,15.6,1080,6,2.7,8,0,1,2,2.2,36273.31
1,15.6,1080,4,2,4,1,1,2,2.2,29325.82
1,15.6,1080,4,2.4,6,1,1,6,2,34888.65
3,15.6,1080,6,2.8,12,3,1,6,2.62,75521.53
1,15.6,1080,6,2.7,8,1,1,6,1.91,43474.77
1,15.6,1080,14,1.5,4,0,1,6,2.1,21102.49
1,15.6,1080,5,1.6,8,0,1,2,2.2,39121.24
2,13.3,1080,6,2.7,8,1,1,6,1.38,67661.01
2,13.5,1504,5,2.5,8,1,0,7,1.252,81023.9
1,14,1080,5,2.5,6,1,1,6,1.58,39846.83
1,15.6,1080,4,2,4,0,0,6,1.85,25087.18
2,14,1080,6,2.7,8,1,1,6,1.3,72135.46
3,15.6,1080,6,2.8,16,3,1,6,2.2,78544.81
1,14,1080,6,2.7,8,1,0,6,1.58,89489.09
2,15.6,1080,6,1.8,16,3,1,6,1.5,76307.59
2,13.3,1800,6,2.4,8,1,0,6,1.23,83382.06
4,13.3,1080,5,2.5,8,1,0,6,1.37,84591.37
1,14,768,5,1.6,4,0,0,6,1.63,43656.16
2,13.3,1080,5,1.6,8,1,0,6,1.21,98498.46
4,13.3,1080,5,1.6,8,1,0,6,1.26,84590.77
1,14,1080,6,1.8,8,1,0,6,1.63,65544.71
1,15.6,1080,6,1.8,8,3,1,6,2.16,68346.08
1,17.3,1080,4,2,4,0,1,6,2,34102.6
1,15.6,1080,6,1.8,8,1,1,6,1.7,67600.54
1,15.6,1080,4,2.4,6,0,0,6,2.1,28963.02
3,15.6,1080,6,2.8,16,3,1,6,1.8,135533.64
1,15.6,1080,5,2.5,8,1,1,8,2.2,38032.86
1,17.3,1080,6,1.8,16,1,1,6,2.5,76851.78
1,15.6,768,11,3,4,1,1,6,2.1,27269.99
1,15.6,768,1,1.6,4,0,0,8,1.86,15660.59
1,14,1080,5,1.6,8,0,0,6,1.63,49098.07
1,14,768,14,1.5,4,1,1,7,1.65,16808.83
1,17.3,1080,6,1.8,16,3,1,6,2.8,84409.98
1,17.3,1080,5,1.6,8,1,0,6,2.5,56112.08
1,15.6,768,5,2.5,8,0,1,6,2.36,38636.91
1,15.6,1080,4,2,4,0,1,6,2.2,27149.05
2,14,1080,6,1.8,8,1,0,6,1.6,53451.59
1,15.6,1080,4,2.7,4,1,1,6,2.2,34586.32
1,15.6,768,6,2.7,8,0,0,6,2.05,36158.43
1,14,1080,6,1.8,8,1,0,6,1.63,59740.01
1,15.6,768,1,1.1,4,0,0,8,1.9,15259.1
3,17.3,1080,5,2.5,8,3,1,6,3,56716.73
1,15.6,1080,5,2.5,4,0,1,8,2.2,30172.33
1,13.3,1080,5,2.5,4,1,0,6,1.32,42265.45
1,17.3,1080,4,2.7,4,0,1,6,3,39604.97
1,14,1080,5,1.6,8,1,1,6,1.75,67480.82
3,15.6,1080,6,2.8,8,1,1,8,2.4,52544.61
1,15.6,768,5,2.3,4,0,0,6,2.1,36400.29
1,15.6,768,9,2.5,4,1,1,6,1.86,22311.81
2,14,1080,6,1.8,8,1,0,6,1.25,66451.69
2,12.5,2160,7,1.2,8,1,0,6,0.97,121777.72
1,15.6,1080,1,1.1,4,0,0,6,2,20800.17
3,17.3,1080,6,2.8,16,3,1,6,2.9,122684.7
1,15.6,768,4,2,4,0,0,6,2.1,27028.12
3,15.6,1080,6,2.8,16,1,1,6,2.56,75537.26
3,15.6,1080,6,2.8,8,4,1,6,2.62,54358.57
1,15.6,768,5,2.5,4,1,0,6,1.9,30111.87
3,17.3,1080,6,2.8,16,3,1,6,2.8,114279.98
2,14,1080,5,2.7,4,1,0,6,1.48,65423.78
1,15.6,1080,5,1.6,6,1,1,6,1.91,37428.21
4,14,1080,4,2.4,4,1,0,6,1.74,38032.86
4,13.3,1080,5,1.6,8,1,0,6,1.1,79512.26
4,15.6,1080,6,1.8,8,1,0,6,1.56,63428.41
1,15.6,768,4,2.2,4,0,0,6,2.1,27028.12
1,15.6,768,11,3,4,0,1,6,2.03,24367.64
1,17.3,1080,5,1.6,4,1,1,6,3,48674.81
1,15.6,1080,5,1.6,8,1,1,6,2.13,44018.96
3,15.6,1080,6,2.8,16,1,1,6,2.5,65242.38
1,15.6,768,1,1.1,4,0,0,6,2.1,21042.03
3,15.6,1080,6,2.8,16,3,1,6,2.4,108777.61
1,15.6,768,2,1.1,4,0,0,6,2.1,21979.85
3,15.6,1080,6,2.8,8,3,1,6,2.56,64123.16
1,17.3,1080,5,1.6,8,1,1,6,3,51637.62
1,13.3,1080,5,1.6,4,0,0,6,1.49,45591.06
2,13,1440,5,2.5,8,1,0,6,1.05,81568.09
1,17.3,1080,5,2.5,6,0,1,6,2.71,42265.45
1,15.6,768,9,2.9,4,0,1,8,2.2,18683.87
1,15.6,768,4,2.4,4,0,0,6,2,29567.68
1,17.3,1080,5,1.6,8,1,1,6,2.5,55809.75
1,15.6,768,4,2.4,8,0,0,6,2.3,27753.71
1,15.6,768,4,2,4,1,0,6,2.1,27149.05
3,18.4,1080,6,2.9,32,3,1,6,4.4,169243.21
1,15.6,1080,5,2.5,8,3,1,6,1.9,49158.53
4,13.3,2160,5,1.6,8,1,0,6,1.29,90637.93
1,15.6,1080,6,1.8,16,3,1,2,2.02,63428.41
2,13.3,1080,5,1.6,8,1,0,6,1.23,84591.37
4,13.9,2160,6,1.8,16,1,0,6,1.4,111800.89
1,15.6,768,5,2.5,8,1,0,6,2,47949.22
1,15.6,1080,5,1.6,8,1,1,8,1.95,72498.25
1,17.3,1080,6,1.8,16,1,1,6,2.77,93661.21
1,15.6,2160,6,2.8,16,1,1,6,2.06,144936.04
3,15.6,1080,5,2.5,8,1,1,8,2.4,47102.7
2,13.3,1080,5,1.2,8,1,0,6,1.12,59800.48
1,17.3,1080,6,1.8,8,3,1,6,2.8,65605.18
4,14,1440,6,2.7,16,1,0,6,1.42,170754.85
1,14,1080,1,1.1,4,5,0,6,1.3,15721.06
2,13.3,1080,5,2.5,8,1,1,8,1.3,60459.55
1,17.3,900,5,1.6,8,1,1,8,2.8,42204.99
4,13.3,1080,6,1.8,8,0,0,6,1.62,50730.64
1,17.3,1080,5,1.6,8,0,1,6,2.5,55265.56
3,17.3,2160,6,2.9,32,1,1,6,3.49,368779.69
1,13.3,1080,5,1.6,8,1,0,6,1.49,57986.51
3,17.3,1080,6,2.8,16,3,1,6,3.35,83382.06
1,17.3,1080,6,1.8,8,1,1,6,2.5,63186.55
3,15.6,2160,6,2.8,16,3,1,6,2.65,111559.03
1,15.6,768,5,2.3,4,1,0,6,2.1,29809.54
1,15.6,1080,6,2.7,8,0,1,6,2.23,44865.48
3,15.6,1080,6,2.8,16,3,1,6,3.2,105754.33
6,15.6,2160,3,6.3,16,3,1,6,2.8,184722.41
3,15.6,1080,6,2.8,16,1,1,8,2.4,84530.91
1,15.6,768,4,2.4,6,0,0,6,2.3,26544.4
2,13.3,2160,6,1.8,8,1,0,6,1.21,117847.45
2,13.3,1080,6,1.8,8,1,0,6,1.2,87614.65
1,15.6,768,5,2.5,8,1,0,6,2.2,36097.96
1,15.6,1080,6,2.8,8,0,1,2,2.4,47102.7
3,17.3,1080,6,2.8,16,3,1,6,2.9,85075.1
1,15.6,1080,4,2,4,0,0,8,2.1,21102.49
1,15.6,1080,5,2.5,8,1,0,8,2.2,33195.61
2,13,1440,6,2.7,8,1,0,6,1.05,90637.93
2,13.3,1080,6,1.8,8,1,1,6,1.4,56346.68
1,17.3,900,5,2.5,8,0,1,8,2.8,35614.24
1,14,1080,6,1.8,8,1,1,6,1.63,62340.03
2,14,1080,5,1.6,8,1,0,6,1.6,69474.97
4,13.3,1080,6,1.8,16,1,0,6,1.62,77335.5
1,15.6,1080,5,1.6,8,1,1,2,2.2,40956.37
4,14,1080,5,1.6,8,1,0,6,1.74,54358.57
2,13.3,1080,6,2.5,8,1,0,6,1.2,82414.61
1,15.6,1080,5,1.6,8,0,0,6,2.1,48009.69
3,17.3,1080,6,2.8,16,3,1,6,4.42,148524.07
1,15.6,1080,6,2.7,8,1,1,6,2.2,50307.38
1,15.6,1080,6,2.7,16,0,1,6,2.3,51940.56
1,15.6,1080,5,2.5,8,1,1,6,2,46498.05
1,17.3,1080,5,2.5,8,3,1,6,2.69,53874.85
1,15.6,1080,6,2.7,8,0,1,6,1.9,76730.85
1,15.6,768,4,2.4,4,0,0,6,2.37,24125.17
1,15.6,768,14,1.5,4,0,1,6,2.1,19953.65
3,15.6,1080,6,2.8,16,3,1,6,3.2,90637.93
1,14,1080,5,2.5,8,1,0,6,1.6,51939.95
4,13.3,1080,5,2.3,8,1,0,6,1.6,41660.8
1,15.6,1080,6,2.7,16,1,1,2,2.36,54358.57
1,15.6,768,4,2,4,0,0,2,2.1,23581.58
1,15.6,1080,12,2.5,4,3,1,6,2.2,34767.72
3,17.3,1080,6,2.9,32,3,1,6,4.7,235211.18
3,15.6,1080,5,2.5,8,1,1,6,2.5,51153.9
1,15.6,768,4,2,8,1,0,6,2.2,35614.24
1,17.3,1080,6,1.8,8,3,1,6,2.1,69233.11
1,17.3,1080,6,2.7,8,3,1,8,2.69,53753.92
3,15.6,1080,5,2.5,8,1,1,6,2.56,53149.26
4,13.9,1080,6,2.7,8,1,0,6,1.38,65242.38
1,15.6,1080,6,1.8,8,3,1,6,2.2,59558.62
1,15.6,768,5,2.5,8,0,0,6,2.04,33800.27
3,17.3,1080,6,2.9,16,1,1,6,3.6,181336.33
1,13.3,1080,5,1.6,4,0,0,6,1.49,40814.28
2,13.3,1600,5,3.1,8,1,0,0,1.37,123349.82
4,15.6,1080,6,1.8,8,0,0,6,2.08,49521.33
3,17.3,1080,6,2.8,16,3,1,6,4.3,108777.61
1,15.6,768,11,3,4,0,1,6,1.68,28358.37
4,13.9,1080,6,1.8,8,1,0,6,1.37,111800.89
1,17.3,1080,4,2.7,4,1,1,6,3,42446.85
2,13.3,1080,5,1.6,8,1,0,6,1.41,57381.85
1,15.6,768,9,2.5,8,1,1,6,1.91,26961.61
1,17.3,1080,6,1.8,16,0,1,6,2.9,64033.07
3,17.3,1080,6,2.8,16,3,1,6,4.14,151103.53
4,15.6,1080,6,2.8,8,1,1,6,2,102731.05
1,17.3,1080,6,1.8,8,3,1,6,2.8,69051.72
1,15.6,1080,4,2,4,1,0,8,2.2,26846.73
1,15.6,1080,5,1.6,4,0,0,6,2.1,43656.16
1,15.6,1080,5,2.5,4,0,0,6,2.18,39725.9
1,15.6,1080,5,2.5,8,0,1,6,2.24,34163.06
4,15.6,1080,5,1.6,8,1,0,6,2.67,48312.01
4,13.3,1080,6,1.8,8,3,0,6,1.1,90637.93
1,15.6,1080,5,2.5,4,0,0,8,2.2,28237.44
1,17.3,1080,6,1.8,8,0,1,6,2.5,61553.98
1,15.6,1080,6,1.8,8,1,0,6,2.05,53209.73
2,13.3,1600,5,2.9,8,1,0,0,1.37,118446.06
3,17.3,1080,16,3,16,3,1,6,3.2,93661.21
1,15.6,1080,6,1.8,8,1,1,2,2.14,44446.45
4,14,1440,6,2.6,16,1,0,6,1.36,151103.53
1,15.6,768,6,2.5,8,0,1,6,2.2,49098.07
1,15.6,768,6,2.7,12,0,0,6,2.3,43116.21
1,17.3,1080,6,1.8,8,3,1,2,2.8,66451.69
1,15.6,1080,6,1.8,8,0,1,6,2.2,45046.87
1,17.3,900,4,2,4,0,0,6,2.8,29567.68
1,17.3,1080,6,1.8,8,0,1,8,2.8,51335.29
1,17.3,900,6,2.7,6,3,1,6,2.8,51939.95
1,15.6,1080,4,2,4,0,1,2,2.25,25879.28
3,15.6,1080,5,2.5,8,1,1,6,2.5,50125.98
1,15.6,1080,5,2.5,6,1,0,6,2.2,35009.58
1,15.6,1080,6,1.8,8,1,1,6,3,57502.79
1,15.6,1080,6,2.7,12,0,0,6,2.15,39846.83
1,15.6,1080,6,2.7,8,1,0,6,1.95,66330.76
2,15.6,1080,5,2.5,8,1,1,6,1.7,59074.89
3,15.6,1080,6,2.8,16,3,1,6,2.5,71288.94
1,15.6,1080,6,2.7,8,0,1,8,2.2,39847.44
1,15.6,768,1,1.5,2,1,0,3,2.19,12032.65
3,17.3,1080,6,2.8,8,0,1,6,3,71772.67
1,17.3,900,4,2,8,0,0,6,2.54,29567.68
1,15.6,1080,6,2.8,8,1,1,6,2,110591.58
1,15.6,1080,5,1.6,8,1,0,6,2.05,44684.08
3,15.6,1080,6,2.8,8,0,1,6,3.2,78544.81
1,15.6,1080,6,2.8,8,1,1,2,2.5,59195.82
6,17.3,1080,6,2.9,16,1,1,6,3.42,174434.79
1,15.6,1080,12,2.4,6,0,1,6,2.4,30172.33
2,15.6,1080,6,2.7,16,1,1,6,1.63,88763.5
1,14,768,4,2.4,4,1,0,6,1.3,30776.99
3,17.3,1080,6,2.8,16,3,1,6,2.9,128308
1,17.3,900,5,2.5,6,0,1,6,2.8,39242.17
1,15.6,768,5,2.5,8,0,1,8,2.2,33195.61
3,15.6,1080,6,2.8,8,3,1,6,2.5,76488.98
1,15.6,768,2,1.1,4,0,0,8,2.2,21767.01
4,13.3,1080,6,2.8,16,1,0,6,1.28,119419.56
1,15.6,1080,6,2.5,8,1,1,6,2.2,63065.62
1,15.6,1080,5,2.5,8,3,1,6,2.3,49521.33
1,15.6,1080,4,2,4,0,0,6,1.86,28358.37
1,13.3,1080,5,2.5,8,1,0,6,1.1,60405.13
2,13.3,2160,6,1.8,16,1,0,6,1.21,151103.53
3,15.6,1080,6,2.8,16,3,1,6,2.8,126917.29
1,15.6,1080,10,2.2,8,1,1,6,2.23,28358.37
4,11.6,768,1,1.1,2,5,0,6,1.1,16628.04
1,15.6,1080,5,1.6,8,3,1,6,2.33,51032.97
4,13.3,2160,6,1.8,16,1,0,6,1.29,148080.25
1,13.3,768,1,1.6,4,5,0,3,1.45,27808.13
1,14,1080,5,2.5,8,1,0,6,1.95,59256.29
1,11.6,768,2,1.6,4,5,0,6,1.4,29325.82
1,14,1080,6,2.7,8,1,0,6,1.48,78121.56
1,17.3,900,5,2.5,4,0,1,6,2.79,35614.24
1,14,1080,6,2.7,8,1,0,6,2,66149.37
1,15.6,768,6,1.8,8,0,0,6,2.1,54539.97
1,15.6,768,13,2.7,8,1,1,6,2.2,39846.83
1,14,768,1,1.1,4,5,0,6,1.44,17655.96
1,15.6,768,5,2.5,6,0,0,6,2.23,33195.61
2,15.6,1080,6,2.7,8,1,1,6,1.7,63482.83
2,12.5,1080,6,2.7,8,1,0,6,1.26,80721.58
1,15.6,2160,6,2.8,32,1,1,6,2.06,159568.72
3,17.3,1080,6,2.8,8,3,1,6,2.7,72498.25
1,15.6,1080,5,2.5,8,1,0,6,2,57019.06
1,14,1080,6,2.7,8,3,0,6,2,80661.11
1,15.6,1080,4,2,4,0,0,6,1.85,27149.05
3,15.6,1080,6,2.8,8,1,1,6,2.5,60405.13
1,14,1080,5,2.6,8,1,0,6,1.48,76670.38
2,15.6,1080,5,1.6,8,3,1,6,1.9,63428.41
1,15.6,1080,5,2.5,8,1,0,6,1.84,69172.65
1,15.6,768,1,1.1,4,0,0,2,2,16627.44
1,15.6,1080,5,1.6,8,1,1,6,2,69097.06
1,15.6,768,1,1.6,4,0,0,2,2.2,16621.99
1,15.6,1080,13,3.6,12,0,1,6,2.2,54358.57
1,15.6,1080,4,2.4,8,0,1,6,2.1,43293.37
4,13.9,2160,6,1.8,16,1,0,6,1.4,126917.29
2,13.3,1080,6,1.8,8,1,0,6,1.2,95475.18
3,15.6,1080,6,2.8,16,3,1,6,2.4,68265.66
1,14,768,1,1.6,2,5,0,6,1.44,16869.9
2,15.6,1080,6,1.9,16,3,0,6,1.88,97226.27
4,11.6,768,1,1.1,4,5,0,6,1.5,22674.6
2,15.6,1080,5,1.6,8,0,1,6,1.9,40088.69
1,15.6,2160,6,2.8,16,1,1,6,2.06,122589.17
1,15.6,1080,6,2.7,8,1,0,6,1.84,78847.14
3,17.3,1080,6,2.8,8,3,1,6,2.7,85196.03
6,15.6,1080,6,2.8,8,1,1,6,2.6,105105.54
1,15.6,1080,6,2.5,16,1,1,6,2.4,84833.24
1,15.6,1080,6,1.8,8,3,1,6,2.02,58706.05
1,15.6,768,1,1.1,4,0,0,8,2.2,19469.32
3,15.6,1080,5,2.5,8,0,1,6,2.65,60405.13
1,15.6,768,5,2.5,8,0,0,6,2.36,33701.71
1,14,1080,5,2.6,8,1,0,6,1.36,86284.41
1,15.6,768,4,2,4,0,0,6,1.86,26544.4
1,14,1080,5,2.5,8,1,0,6,2,57139.99
1,17.3,900,5,2.5,6,3,1,6,2.8,43474.77
1,15.6,1080,5,2.5,8,0,0,6,1.86,38637.52
1,15.6,768,4,2,8,1,1,8,2.2,30172.33
1,15.6,768,2,1.6,8,0,0,6,2.04,23521.12
1,17.3,1080,5,1.6,8,3,1,6,2.8,65605.18
3,15.6,1080,5,2.5,8,3,1,8,2.4,48916.67
1,15.6,1080,6,2.7,8,1,1,6,2.33,54358.57
2,14,1080,6,2.7,8,1,0,6,1.36,105814.8
4,15.6,1080,6,2.7,12,3,1,6,2.26,66451.69
1,15.6,768,11,3,4,1,1,6,2.1,25758.35
3,17.3,1080,16,3,16,3,1,6,3.25,132963.85
1,17.3,900,10,2.2,4,1,1,6,2.6,29567.68
4,13.3,1080,6,1.8,8,1,0,6,1.62,52545.21
1,15.6,1080,11,3,4,1,1,6,1.91,29567.07
5,11.6,768,1,1.1,4,1,0,6,1.59,33437.48
1,15.6,768,1,1.6,4,0,0,6,1.8,18683.87
1,14,768,1,1.1,4,5,0,6,1.5,17293.16
1,15.6,1080,6,2.8,8,0,1,2,2.4,51153.9
3,17.3,1080,6,2.8,8,3,1,6,3.35,72014.53
1,15.6,1080,4,2,4,1,0,8,1.85,24397.87
3,15.6,1080,6,2.8,8,3,1,6,2.3,100070.57
1,14,1080,5,2.5,8,1,1,6,1.5,66451.69
2,13.3,1080,6,2.7,16,1,0,6,1.1,105748.29
2,14,1440,6,2.7,8,1,0,6,1.13,137982.5
1,13.3,1080,4,2.4,4,1,0,6,1.5,33195.61
6,15.6,1080,5,2.6,8,0,1,6,2.23,82777.41
6,15.6,1080,6,2.7,8,1,1,6,2,129094.06
4,14,1440,6,2.7,16,1,0,6,1.42,151708.19
3,17.3,1080,6,2.8,8,0,1,6,3,62823.76
3,17.3,1080,6,2.8,16,3,1,6,3,96200.77
1,15.6,768,5,1.6,12,0,1,6,2.2,41962.52
3,17.3,1080,6,2.8,8,1,1,6,2.7,81568.09
1,15.6,1080,6,2.7,8,1,1,2,2.33,47094.84
2,15.6,1080,11,3,4,1,1,6,1.91,30172.33
1,15.6,1080,6,1.8,8,1,1,6,2.1,74346.08
1,14,1080,5,2.5,8,1,0,6,1.9,56716.73
6,15.6,2160,6,2.8,8,1,1,6,1.78,163982.71
2,14,1440,6,2.7,16,1,0,6,1.13,158722.2
1,15.6,768,1,1.1,4,0,0,6,2.2,18502.47
3,17.3,1080,6,2.8,16,3,1,6,2.9,92451.9
1,15.6,1080,5,1.6,8,3,1,6,2.1,69202.88
1,15.6,1080,6,2.8,8,1,1,2,2.5,53149.26
3,17.3,1080,6,2.8,16,3,1,6,2.8,135987.13
2,14,1080,6,2.7,8,1,0,6,1.1,113252.07
2,13.3,1080,6,2.5,16,1,0,6,1.2,105633.4
2,14,1080,6,2.8,8,1,0,6,1.36,101582.21
1,15.6,1080,4,2,4,0,0,6,2.2,24730.43
1,11.6,768,1,1.1,2,5,0,6,1.15,18408.75
6,15.6,1080,6,2.8,8,1,1,6,2.67,116396.28
2,14,1440,6,2.8,8,1,1,6,1.7,117484.66
1,15.6,1080,4,2,4,0,1,6,2.1,28358.37
4,13.3,1080,6,2.5,8,1,0,6,1.6,47707.96
4,13.3,1080,5,2.5,8,1,0,6,1.27,56112.08
1,15.6,1080,5,2.5,4,1,1,2,2.3,36212.85
1,13.3,768,4,2,4,1,0,6,1.65,41660.8
2,14,1080,6,2.5,8,1,0,6,1.43,90698.4
1,15.6,768,5,2.5,8,0,0,6,2.14,32648.4
2,14,1080,6,1.8,8,1,1,6,1.75,73488.68
4,15.6,2160,6,2.8,16,1,1,6,2,114824.17
1,12.3,1824,1,1.1,6,5,0,6,1.4,27149.05
1,15.6,1080,6,2.9,8,1,0,6,2.31,86284.41
1,15.6,1080,4,2.4,8,0,1,2,2.3,36097.96
3,17.3,1440,6,2.9,16,3,1,6,4.42,169243.21
3,15.6,1080,6,2.8,8,3,1,6,2.62,70079.63
1,15.6,1080,6,1.8,8,3,1,6,2.02,69075.9
2,14,1080,6,2.8,8,1,0,2,1.6,66451.69
3,17.3,1080,6,2.8,12,3,1,6,3.35,120870.73
4,11.6,1080,1,1.1,4,1,0,6,1.16,18079.21
5,11.6,768,1,1.6,4,5,0,3,1.15,16265.25
1,13.3,1080,6,2.7,8,1,0,6,1.4,61070.26
1,14,1080,4,2.7,4,1,0,6,1.7,36218.89
6,15.6,2160,6,2.8,16,1,1,6,2.3,147838.39
1,15.6,1080,6,2.9,16,1,1,6,2.5,148080.25
3,17.3,1080,16,3.2,8,3,1,6,3.2,102489.19
1,15.6,768,1,1.6,4,0,0,6,2.1,20981.56
2,12.3,1600,6,1.3,16,1,0,3,1.1,132963.85
2,14,1440,6,2.7,24,1,0,6,1.32,144029.06
1,15.6,1080,5,2.5,4,1,0,2,2,33800.27
1,17.3,900,9,2.5,8,0,1,6,2.8,31381.65
1,15.6,1080,5,1.6,4,1,1,6,2.2,45288.73
2,12.5,1080,5,2.5,8,1,0,6,1.36,86405.34
1,15.6,1080,2,1.1,4,1,0,6,2.2,21102.49
3,15.6,1080,6,2.8,8,3,1,6,2.2,66451.69
1,14,1080,5,2.8,8,1,1,6,1.64,71288.94
1,15.6,768,5,2.5,4,0,0,2,2.4,26713.7
6,15.6,1080,3,6.3,8,5,1,6,2.23,120507.94
3,15.6,1080,5,2.5,8,1,1,6,2.2,62142.92
2,13.5,1504,6,2.5,16,1,0,7,1.25,156545.44
1,15.6,768,5,2.5,8,1,0,6,1.91,35614.24
6,15.6,1080,6,2.7,16,1,1,6,2.17,119419.56
6,15.6,1080,6,2.9,8,1,0,6,2.31,92754.23
1,14,1080,5,2.5,8,1,0,6,1.65,81326.23
1,15.6,1080,6,1.8,8,3,1,6,2.36,59195.82
4,11.6,768,2,1.6,4,0,0,6,1.47,28963.02
1,17.3,1080,6,2.7,8,0,1,6,4.42,123712.62
2,13.5,1504,7,2.2,4,1,0,7,1.252,59800.48
2,13.5,1504,6,2.5,8,1,0,7,1.25,108777.61
1,17.3,900,4,2,8,1,0,6,2.5,38691.94
1,15.6,1080,4,2,4,0,1,6,2.23,32893.29
5,11.6,768,1,1.6,4,1,0,6,1.4,26302.54
1,15.6,1080,5,2.5,8,0,0,6,2.37,45288.73
1,14,1080,6,2.7,8,1,1,8,1.5,48312.01
1,15.6,1080,6,2.9,8,1,1,6,2.67,126373.1
1,15.6,768,2,1.1,4,0,0,6,2,18381.54
1,15.6,768,4,2,4,0,1,6,2.2,28358.37
1,15.6,1080,5,1.6,8,0,1,6,2.02,45893.39
3,17.3,1080,6,2.8,12,0,1,6,3.78,102731.05
2,14,1440,6,2.6,12,1,0,6,1.4,112345.08
4,13.3,2160,6,1.8,8,1,0,6,1.29,120870.73
1,15.6,1080,5,2.5,8,0,1,6,1.9,69777.3
2,12.3,1600,5,1.2,8,1,0,3,1.1,77093.64
2,13.3,1080,5,1.6,8,1,0,6,1.42,111368.57
1,15.6,2160,6,2.6,12,3,0,6,2.06,78544.81
1,14,768,4,2.3,8,1,0,6,1.79,44744.54
6,15.6,1080,6,2.8,8,1,1,6,1.78,145601.16
1,14,1080,5,2.5,8,1,0,6,1.7,82475.08
1,15.6,1080,5,1.6,8,0,1,6,2.2,40814.28
1,13.3,1080,5,2.5,8,1,0,6,1.05,101098.48
1,15.6,1080,6,1.8,8,1,1,6,2.16,76307.59
1,15.6,768,4,2.4,4,0,0,6,2.18,35469.12
1,13.3,1080,5,1.6,4,1,0,6,1.49,43898.03
1,15.6,1080,0,1.44,4,5,0,6,1.89,15049.89
1,15.6,768,4,2,4,1,0,6,2.3,34163.06
1,14,1080,5,1.6,8,1,0,6,1.75,63428.41
6,15.6,1080,6,2.7,16,1,1,6,2.17,141368.57
1,15.6,1080,6,2.8,16,1,1,6,2.06,114824.17
2,12.5,1080,6,2.7,16,1,0,6,1.36,108717.15
2,12.5,1080,6,2.7,16,1,0,6,0.91,117907.92
1,15.6,1080,5,2.5,8,1,1,6,2.3,61190.58
2,13.3,1080,6,2.7,32,1,0,6,1.05,169243.21
3,15.6,1080,6,2.8,8,3,1,6,1.99,81628.56
1,15.6,768,12,2.5,8,0,1,6,2.2,35009.58
3,17.3,1080,6,2.6,24,3,1,6,4.33,76730.85
2,12.5,768,5,2.3,8,1,0,6,1.3,66451.69
1,15.6,1080,6,1.8,8,1,0,6,2.17,54352.53
1,14,1080,6,2.8,8,1,0,6,1.48,105754.33
1,13.3,1080,4,2.4,8,1,0,6,1.4,57381.85
1,15.6,1080,5,2.5,8,1,0,6,2.3,55084.16
5,11.6,768,1,1.1,4,5,0,7,1.2,20558.3
1,15.6,768,5,2.5,8,1,1,6,1.91,37427.6
4,13.9,1080,5,1.6,8,1,0,6,1.4,96684.49
1,14,768,1,1.1,4,0,0,6,2.1,18079.21
5,11.6,768,1,1.6,4,1,0,3,1.25,16023.38
1,13.3,1080,5,2.5,8,1,0,6,1.44,57381.85
1,15.6,1080,6,2.7,8,3,0,6,2,74009.89
1,15.6,1080,5,1.6,4,0,1,6,2.2,37065.41
2,13.3,1080,6,2.7,8,1,0,6,1.34,79995.99
3,15.6,1080,6,2.8,8,3,1,8,2.4,69474.97
2,13.3,1080,5,2.5,8,1,0,6,1.29,54358.57
1,15.6,1080,6,2.7,4,0,1,6,2.2,38637.52
1,15.6,1080,5,2.5,8,0,0,6,2.18,50549.24
1,15.6,1080,6,1.8,16,3,1,6,2.2,73722.08
1,15.6,1080,6,1.8,16,1,1,8,1.95,84648.82
5,11.6,768,1,1.1,2,5,0,6,1.1,14814.07
1,15.6,768,5,1.6,4,0,0,6,2.04,31531
3,15.6,1080,6,2.8,24,1,1,6,2.24,179461.9
1,15.6,1080,5,2.5,8,1,1,6,2.04,53753.92
3,17.3,1080,6,2.8,16,3,1,6,3,90940.26
3,15.6,1080,6,2.8,8,3,1,6,3.2,84591.37
2,13.3,1080,6,2.7,8,1,0,6,1.32,84591.37
1,14,1080,5,2.6,8,1,0,6,1.64,77379.64
1,15.6,768,4,2,4,1,0,6,1.63,41660.8
1,17.3,1080,5,1.6,8,3,1,2,2.8,53753.92
1,14,1080,5,2.3,8,1,0,5,2.02,81023.9
1,15.6,1080,6,2.7,4,0,1,6,2.2,48312.01
1,15.6,768,4,2,8,0,1,8,2.2,27753.71
1,15.6,1080,5,2.5,4,0,1,6,2.3,35372.38
1,15.6,1080,5,2.8,8,1,0,6,1.9,83261.13
3,17.3,1080,6,2.8,16,3,1,6,4.42,182168.95
1,15.6,1080,5,2.5,8,0,0,6,2,52000.42
1,15.6,2160,6,2.7,8,3,1,6,2,78544.81
1,13.3,1080,1,1.1,4,1,0,6,1.2,22311.81
3,15.6,1080,5,2.5,8,3,1,6,2.3,99707.77
1,15.6,1080,6,2.8,8,1,1,6,1.93,82777.41
1,15.6,1080,5,1.6,8,1,1,6,2.2,48215.87
1,15.6,1080,2,1.6,4,1,0,6,1.86,24125.17
3,17.3,1080,6,2.8,12,0,1,6,2.62,108777.61
1,14,1080,6,2.7,8,1,1,6,1.87,51939.95
2,13.3,1800,6,1.8,8,1,0,6,1.2,84591.37
1,14,1080,4,2,4,1,0,6,1.6,44494.82
2,13.3,1800,6,2.7,8,1,0,6,1.34,69233.11
3,15.6,1080,5,2.5,8,0,1,2,2.4,48251.55
1,15.6,768,14,1.8,4,0,1,6,2,21102.49
1,15.6,1080,4,2.4,4,1,0,6,2.1,42658.48
1,14,1080,5,2.5,4,0,0,6,1.87,47465.5
1,15.6,1080,5,2.3,4,0,0,8,2.15,27956.27
1,15.6,1080,4,2,4,0,0,6,1.86,24004.84
1,15.6,1080,6,2.7,8,1,0,6,1.99,104545.02
1,15.6,1080,4,2,4,1,0,6,2.2,30172.33
1,15.6,1080,5,2.5,8,1,0,6,1.9,67539.47
3,17.3,1080,6,2.8,16,3,1,6,4.42,163196.65
1,17.3,900,4,2,8,0,0,6,2.65,32902.36
1,17.3,1080,6,2.7,8,0,1,6,2.63,77395.97
1,15.6,768,1,1.1,4,0,0,2,2,13544.29
1,13.3,1080,0,1.44,4,5,0,6,1.35,15418.73
1,17.3,900,6,2.7,6,3,1,6,2.8,57381.85
1,15.6,1080,12,2.5,6,1,1,6,1.91,34398.88
1,15.6,768,4,2,4,0,1,6,2.18,37361.69
4,11.6,1080,1,2,4,5,0,6,1.25,21102.49
1,15.6,1080,4,2.7,4,1,0,6,2.05,38093.33
2,13.3,1800,7,1.2,16,1,0,6,1.16,118814.9
1,17.3,1080,6,2.8,8,1,1,6,3.4,181336.33
1,15.6,1080,5,2.5,8,3,1,6,2.5,50730.64
2,13.3,2160,5,1.6,8,1,0,6,1.21,96684.49
1,15.6,768,5,2.6,4,0,0,6,1.93,57986.51
1,15.6,768,5,2.5,8,0,0,6,2.2,44684.08
1,15.6,1080,2,1.1,4,0,0,6,2.2,20800.17
1,14,768,5,2.5,4,0,0,6,2.02,59860.94
6,17.3,900,5,2.8,8,0,1,6,3.14,112525.88
1,14,768,2,1.6,8,0,0,6,1.94,23521.12
1,15.6,1080,11,3,6,1,1,6,1.95,39242.17
1,15.6,1080,5,2.5,8,1,0,6,2.3,50186.45
1,15.6,1080,5,1.6,4,0,0,6,2.05,41418.94
1,14,1080,0,1.44,4,1,0,6,1.4,15055.93
2,14,1080,6,2.7,16,1,0,6,1.24,112768.34
3,17.3,1080,6,2.7,32,3,1,6,4.6,161019.89
3,17.3,1080,6,2.9,16,3,1,6,4.14,165010.62
1,15.6,1080,6,2.7,8,1,1,2,2.2,45289.34
1,14,1080,1,1.1,4,1,0,6,1.45,23521.12
1,15.6,768,5,2.6,8,0,0,6,1.9,60980.77
1,13.3,1080,4,2.4,4,1,0,6,1.49,43474.77
1,15.6,1080,6,2.8,16,1,1,6,1.93,92959.21
5,11.6,768,1,1.6,4,5,0,3,1.26,17837.35
3,17.3,1080,6,2.7,16,3,1,6,4.5,142033.69
3,17.3,1080,6,2.8,16,3,1,6,3.78,90577.47
2,14,1080,6,2.6,12,1,0,6,1.4,101158.95
1,15.6,768,6,1.8,12,0,0,6,2.2,36823.55
3,17.3,1080,5,2.5,8,3,1,6,2.73,107024.11
4,15.6,768,5,2.5,8,0,0,6,2.2,44684.08
1,15.6,1080,13,3.6,12,1,1,6,2.2,57381.85
4,11.6,768,7,1,4,1,0,6,1.39,36460.76
1,15.6,1080,6,2.8,16,3,1,6,2.5,102731.05
1,17.3,1080,4,2,4,0,0,8,2.8,31986.3
1,15.6,768,4,2.3,8,0,0,6,2.29,27753.71
4,13.3,1080,6,2.7,8,1,0,6,1.37,122442.84
1,14,1080,5,2.5,8,1,0,6,1.7,89126.29
4,12.5,1080,5,2.5,8,1,0,6,1.34,100977.55
6,15.6,1080,6,2.8,8,1,1,6,2.06,106600.85
1,15.6,1080,6,2.7,8,1,0,6,1.84,73707.57
1,15.6,768,4,2.4,4,0,0,6,2.1,40420.04
1,14,1080,1,1.1,4,5,0,6,1.6,19893.18
3,17.3,1080,6,2.7,16,3,1,6,4.14,132963.85
1,15.6,768,4,2,4,0,1,2,2.18,28116.5
3,15.6,2160,6,2.8,16,3,1,6,1.8,139010.41
1,15.6,1080,6,2.5,8,1,0,6,2.2,84591.37
1,15.6,1080,5,2.5,6,0,0,6,2.4,34102.6
4,15.6,1080,6,2.8,8,1,0,6,2,78544.81
1,14,768,2,1.6,4,5,0,6,1.6,21102.49
1,15.6,2160,3,3.1,32,1,1,6,2.5,296220.97
3,15.6,1080,6,2.6,16,0,1,6,2.59,53149.87
1,15.6,768,4,2,4,0,0,2,2.18,26840.68
1,15.6,768,4,2,4,0,0,2,2.25,21707.15
1,15.6,768,5,2.6,4,0,0,2,1.93,52544.61
3,17.3,1080,6,2.8,8,3,1,6,3,70623.82
1,15.6,1080,5,2.5,4,1,1,2,2.18,34404.93
2,15.6,1080,6,2.7,8,1,0,6,1.84,83986.72
3,15.6,1080,6,2.8,16,3,1,6,2.94,137127.52
4,11.6,768,1,1.6,4,5,0,3,1.25,22916.46
1,14,768,5,2.6,8,1,0,6,2.31,67963.33
1,14,1080,5,2.3,8,1,0,5,1.65,88582.1
1,15.6,1080,5,1.6,4,0,1,6,2.2,46921.31
1,15.6,768,5,2.5,8,1,0,6,2.2,48312.01
1,15.6,768,5,2.3,4,0,0,5,1.88,56353.94
1,15.6,1080,6,2.7,8,0,1,6,2.2,54358.57
1,14,1080,0,1.44,2,5,0,6,1.4,14451.28
1,15.6,1080,5,2.5,4,1,0,8,2.2,28297.9
4,13.3,1080,5,2.5,6,0,0,6,1.5,38638.12
1,15.6,1080,6,2.8,8,1,1,6,2,110047.39
2,14,1080,6,2.7,16,1,0,6,1.1,114884.64
3,15.6,1080,6,2.8,16,3,1,6,2.62,89428.62
1,15.6,1080,5,1.6,4,1,0,6,1.8,50125.98
1,15.6,1080,4,2,4,0,1,6,2.2,35009.58
1,15.6,768,1,1.1,8,0,0,6,2,24125.77
1,15.6,1080,5,2.5,8,0,1,6,1.99,54819.32
2,13.3,1800,5,1.6,8,1,0,6,1.23,113010.21
1,14,768,1,1.6,2,5,0,6,1.42,15055.93
4,13.3,1080,6,2.7,8,1,0,6,1.37,106263.45
1,15.6,2160,6,2.8,16,1,1,6,2.06,145056.97
3,15.6,1080,6,2.8,8,3,1,6,2.5,67056.35
1,17,900,11,3,8,0,1,6,2.6,31496.53
2,14,1080,6,2.7,16,1,0,6,1.14,148140.72
3,15.6,1080,6,2.8,8,0,1,8,2.5,70684.29
1,15.6,768,4,2,4,0,0,6,2.4,27209.52
1,14,768,1,1.6,4,5,0,6,1.43,16567.57
2,14,1080,5,2.5,8,1,0,6,1.8,55567.89
3,14,1080,6,2.8,16,1,1,6,1.95,157150.09
1,13.3,1080,5,2.3,8,1,0,6,1.2,73344.77
2,12.5,1080,6,2.7,8,1,0,6,1.36,95777.51
3,17.3,1080,6,2.7,32,1,1,6,3.8,169243.21
3,15.6,1080,5,2.5,8,0,1,2,2.4,42870.11
2,13.3,1080,5,1.6,8,1,0,6,1.2,87669.07
3,15.6,1080,6,2.8,8,3,1,6,2.2,72062.9
1,15.6,768,4,2,4,0,0,8,1.86,22063.9
1,15.6,1080,5,2.5,8,0,0,6,2,64335.4
1,15.6,1080,6,1.8,8,1,1,6,2.2,55567.89
1,15.6,1080,6,1.8,16,3,1,6,2.2,68628.46
3,15.6,1080,6,2.6,8,3,1,6,3.31,72316.86
3,17.3,2160,6,2.8,32,3,1,6,4.42,190307.62
1,14,1080,5,2.4,8,1,0,6,1.56,74312.22
1,15.6,768,1,1.1,4,0,0,6,2.2,25335.09
1,15.6,1080,5,2.3,4,0,0,6,2.2,32349.1
1,15.6,1080,4,2,6,0,1,6,2.04,32590.96
3,17.3,1080,6,2.8,8,3,1,6,2.7,89898.44
1,15.6,768,4,2.1,4,1,0,6,2.1,30111.87
1,15.6,1080,5,2.5,8,0,0,6,2.06,57744.65
1,15.6,1080,6,2.7,8,0,1,6,2.1,45046.87
1,15.6,1080,5,2.5,8,1,0,6,2,76065.72
1,15.6,768,4,2,4,1,0,2,2.1,24911.83
2,13.5,1504,6,2.8,8,1,0,7,1.252,112940.67
1,15.6,1080,5,2.5,8,3,1,6,1.9,49457.84
4,13.3,1080,5,2.5,8,1,0,6,1.3,62521.43
1,15.6,768,14,2.2,4,1,1,6,2.2,21102.49
4,14,1080,4,2.4,4,1,1,6,1.63,42265.45
3,15.6,1080,6,2.8,16,3,1,6,2.4,78242.49
2,14,1080,5,2.5,8,1,0,6,1.1,68628.46
4,11.6,768,1,1.1,8,5,0,3,1.4,29930.47
2,15.6,1080,6,1.8,8,1,0,6,1.09,139010.41
3,15.6,1080,5,2.5,16,1,1,6,2.5,78544.81
3,15.6,1080,5,2.5,8,1,1,6,2.2,60338.62
1,15.6,768,1,1.1,4,1,0,6,1.86,25335.09
3,15.6,1080,5,2.5,16,3,1,6,3.21,124014.95
1,17.3,1080,4,2,4,1,1,6,2.5,42265.45
4,13.3,1080,6,1.8,8,1,0,6,1.19,90637.93
3,15.6,1080,6,2.9,16,3,1,6,3.49,170135.08
1,15.6,768,5,2.5,4,0,1,6,1.86,37041.83
1,15.6,768,4,2,4,0,1,6,2.2,32994.26
1,17.3,1080,12,2.4,6,0,1,6,2.65,34404.93
1,15.6,768,1,1.6,4,0,0,6,2.1,19228.06
1,14,768,1,1.6,4,5,0,3,1.45,22674.6
1,14,1080,5,2.5,4,1,0,6,1.7,42265.45
6,17.3,1080,6,2.8,8,0,1,6,3.14,115367.76
4,14,1440,6,2.7,8,1,0,6,1.42,156605.9
1,13.3,1080,5,2.5,8,1,0,6,1.5,58833.03
5,11.6,768,1,1.6,4,5,0,6,1.4,16265.25
4,14,1080,6,2.7,16,1,0,6,1.38,105754.33
4,12.5,1080,7,0.9,4,5,0,3,1.2,40451.49
2,13.3,1080,6,2.5,16,1,0,6,1.36,113493.93
1,15.6,1080,6,2.7,4,0,1,6,2.1,41660.8
3,15.6,1080,5,2.5,8,0,1,6,2.56,49521.33
1,15.6,1080,11,2.9,4,1,1,6,2.2,24125.77
1,15.6,768,13,3.6,8,0,1,6,2.2,25939.74
1,15.6,1080,5,2.5,4,3,0,6,2.1,37576.35
1,15.6,768,4,2,4,0,0,8,1.9,27209.52
1,15.6,1080,5,2.5,8,1,0,6,2.18,48070.15
4,13.3,1080,5,1.6,8,1,0,6,1.6,60405.13
6,15.6,1080,6,2.5,16,1,1,5,2.18,112163.69
1,14,1080,5,2.3,8,1,0,6,1.8,72014.53
1,17.3,1080,12,2.5,6,0,1,6,2.71,39605.57
3,15.6,1080,6,2.8,8,3,1,6,2.5,75521.53
1,14,1080,5,2.8,8,1,1,2,1.64,65847.04
1,15.6,1080,5,2.5,8,0,0,2,1.98,43898.03
1,14,1080,1,1.1,4,5,0,6,1.5,18018.75
1,15.6,1080,5,2.6,16,1,0,6,1.93,86263.85
1,14,1080,5,2.5,8,1,1,6,1.87,51823.25
1,15.6,1080,5,2.6,8,1,0,6,1.9,71288.94
1,15.6,768,9,2,4,0,1,6,2.19,18018.75
1,14,1200,0,1.92,4,0,0,6,1.4,16023.38
1,17.3,1080,6,2.7,8,1,1,6,2.63,72558.72
2,14,1440,6,2.5,8,1,0,6,1.17,101983.7
4,13.3,768,5,2.5,8,1,0,6,1.58,50585.52
2,14,1080,5,2.5,8,1,0,6,1.32,90637.93
3,17.3,2160,6,2.8,32,3,1,6,4.36,221267.82
3,17.3,1080,6,2.8,8,3,1,6,2.7,81536.65
1,15.6,768,5,2.5,4,0,0,8,1.9,29622.1
1,15.6,1080,5,1.6,8,3,1,6,2.2,43474.77
4,13.3,1080,4,2.4,4,0,0,6,1.71,39242.17
1,15.6,768,5,2.5,8,0,1,2,2.32,35645.68
1,15.6,1080,11,3,4,0,1,6,2.1,29567.68
3,17.3,1080,6,2.6,16,3,1,6,4.2,117000.94
1,15.6,768,5,2.5,12,0,0,6,2.25,39242.17
1,15.6,1080,11,3,6,3,1,6,2.1,39302.64
1,15.6,768,5,2.5,4,0,0,6,2.4,33800.27
1,13.3,1080,5,2.5,8,1,0,6,1.44,58046.98
1,15.6,1080,6,2.7,4,0,0,6,1.85,47102.7
6,15.6,1080,6,2.8,16,1,1,6,2.6,146266.29
4,13.3,1080,5,1.6,8,0,0,6,1.55,39846.83
3,15.6,1080,6,2.8,16,3,1,6,1.8,126643.99
1,15.6,768,4,2,4,0,0,6,2.4,24839.27
1,15.6,1080,6,2.7,8,3,1,6,2,72981.98
1,15.6,768,4,2,8,1,0,6,2,40209.62
1,14,1080,5,2.5,8,1,0,6,1.25,92814.7
4,14,1080,5,2.5,8,1,0,6,1.7,60405.13
6,15.6,2160,6,2.8,16,1,1,6,2.5,199476.01
1,14,768,1,1.6,2,5,0,3,1.68,19953.65
2,13.3,1080,6,2.7,16,1,0,6,0.81,99707.77
1,15.6,1080,4,2,8,1,0,6,1.86,32590.96
1,14,768,5,2.5,8,1,0,6,1.6,68127.2
6,17.3,1080,3,2.9,16,1,1,5,3,265383.52
5,11.6,768,1,1.6,4,1,0,6,1.4,28721.16
1,15.6,1080,5,2.4,8,1,0,6,1.84,114884.64
1,15.6,768,5,2.3,4,0,1,8,2.45,35009.58
2,14,1080,5,2.3,4,1,0,6,1.7,66270.3
1,15.6,768,6,2.7,4,1,0,6,2.37,51389.71
4,13.3,1800,5,1.8,8,1,0,6,1.3,72498.25
1,15.6,1080,5,2.5,8,3,1,6,2.2,66451.69
6,15.6,1080,6,2.6,8,1,1,5,2.59,94386.8
3,15.6,2160,6,2.8,16,3,1,6,4.42,173475.2
1,15.6,768,5,2.5,4,1,0,6,2.1,36218.89
3,15.6,1080,6,2.8,8,3,1,6,2.5,63367.95
2,12.5,1080,6,2.8,16,1,0,6,1.18,112405.55
2,12.3,1600,5,1.2,8,1,0,3,1.1,94265.87
2,13.3,1800,5,2.5,8,1,0,6,1.2,68265.66
1,13.3,768,4,2,4,0,0,6,1.65,51335.29
1,13.3,768,5,2.3,4,1,0,6,1.6,39604.97
1,17.3,768,2,1.1,4,0,1,6,2.8,28439.39
3,15.6,2160,6,2.6,16,3,1,6,2.72,66451.69
2,13.3,1080,6,2.7,8,1,0,6,1.31,96684.49
1,15.6,768,2,1.1,4,0,0,2,2.1,18018.75
1,15.6,1080,6,2.7,16,1,1,6,2.3,71426.2
4,15,1080,6,2.7,16,1,1,6,1.71,108777.61
1,14,768,5,2.3,4,1,0,6,1.75,61674.91
3,15.6,1080,6,2.8,8,0,1,6,2.62,66451.69
2,12.5,768,5,2.3,4,1,0,6,1.26,75219.21
4,15.6,1080,6,2.7,12,0,1,6,2.3,50730.64
1,15.6,2160,6,2.7,16,1,1,5,2.5,143303.47
1,14,1080,4,2.4,4,1,0,6,1.8,38456.12
3,14,1080,6,2.8,16,1,1,6,1.95,175289.77
1,15.6,1080,2,1.1,8,1,0,6,2,35184.93
3,17.3,1080,6,2.8,32,3,1,6,4.42,216998.95
3,17.3,1080,6,2.6,16,3,1,6,4.3,142094.16
2,14,1080,6,2.6,16,1,1,6,1.47,106661.32
1,15.6,768,1,1.6,8,0,0,8,2.2,19893.18
2,14,1080,6,2.7,16,1,0,6,1.7,139010.41
3,14,1080,6,2.8,16,3,1,6,1.6,114340.45
3,15.6,1080,5,2.5,8,3,1,6,2.2,65847.04
3,15.6,1080,6,2.8,4,0,1,6,2.4,60405.13
3,17.3,1080,6,2.8,16,3,1,6,4.2,139010.41
3,15.6,1080,5,2.5,8,1,1,6,2.62,59558.62
3,15.6,1080,6,2.8,8,3,1,6,2.24,80963.44
1,14,1080,1,1.1,4,5,0,6,1.22,12268.47
4,13.3,1080,6,2.7,8,1,0,6,1.37,119117.23
4,15.6,1080,5,2.5,8,1,1,6,2.08,57986.51
2,12,1440,7,1.2,8,5,0,1,0.92,70442.42
4,14,1440,5,2.5,8,1,0,6,1.42,140884.85
1,14,768,1,1.1,4,5,0,6,1.63,18079.21
1,15.6,768,5,2.5,8,1,0,6,1.95,48977.14
4,13.9,1080,6,2.7,8,1,0,6,1.38,81568.09
1,15.6,1080,4,2,8,1,1,6,2,44684.08
6,15.6,1080,6,2.8,8,1,1,6,3.14,124855.42
1,15.6,1080,5,2.5,8,1,0,6,2.37,66451.69
2,13.3,1080,5,2.5,8,1,0,6,1.29,90637.93
1,15.6,2160,5,2.5,8,1,1,6,2.06,105754.33
5,11.6,768,2,1.1,4,1,0,6,1.63,44986.41
5,12.5,768,5,2.6,8,1,0,6,1.26,83986.72
1,15.6,768,5,2.3,4,0,0,6,2.1,47163.17
1,15.6,768,13,2.5,8,0,1,6,2.04,38032.86
3,15.6,2160,6,2.8,16,1,1,6,2.62,101521.74
1,15.6,1080,5,2.5,4,0,1,6,2.4,36823.55
3,17.3,1080,6,2.8,12,0,1,6,3.74,105754.33
3,17.3,1080,6,2.8,16,3,1,6,2.9,146024.42
2,13.3,1080,5,2.5,8,1,0,6,0.81,90637.93
1,15.6,1080,6,2.7,8,0,1,6,1.98,58107.44
1,15.6,1080,5,2.5,8,1,1,6,2.18,47756.34
2,14,1080,6,2.7,8,1,0,6,1.32,112405.55
2,12.5,2160,6,2.5,16,1,0,6,1.29,108777.61
5,11.6,768,1,1.6,4,5,0,3,1.23,23279.26
3,17.3,1080,6,2.8,16,3,1,6,4.36,151467.54
1,14,768,5,2.3,4,0,0,6,1.76,45651.53
1,15.6,768,4,2,4,0,0,6,2.1,29622.1
2,14,768,5,2.5,4,1,0,6,1.25,65907.5
2,14,1080,6,2.7,8,1,0,6,1.13,151103.53
3,15.6,1080,5,2.5,8,1,1,6,2.4,72498.25
2,14,1080,5,2.5,8,5,0,6,1.13,113373
1,14,768,2,2.1,4,1,0,6,1.75,30172.33
4,13.3,1080,5,2.5,8,1,0,6,1.1,82112.28
1,14,768,4,2,4,0,0,6,1.76,35372.38
5,11.6,768,1,1.6,4,5,0,3,1.35,21465.29
1,14,1080,4,2.4,8,1,0,6,1.5,37428.21
3,17.3,2160,6,2.9,32,1,1,6,3.49,332500.33
2,14,1440,6,2.6,16,1,0,6,1.1,126917.29
1,15.6,1080,5,2.5,4,0,1,2,2.1,31381.65
1,14,1080,5,2.3,8,1,0,6,1.7,71712.2
1,14,1080,5,2.6,8,1,0,6,1.32,99768.24
3,15.6,1080,6,2.8,16,3,1,6,3.21,167769.67
3,17.3,1080,6,2.8,16,3,1,6,2.9,146266.29
1,15.6,768,4,2.4,4,0,0,6,2,40451.49
1,14,768,1,1.6,4,5,0,3,1.5,19651.32
1,15.6,1080,5,2.5,8,0,0,6,2.3,35674.7
3,17.3,1080,6,2.6,16,3,1,6,2.73,108777.61
3,17.3,1080,6,2.8,32,3,1,6,4.42,185804.14
1,17.3,900,5,2.5,8,0,1,6,2.63,55023.7
1,15.6,768,5,2.5,8,1,0,6,2.18,43171.83
2,14,1080,6,2.5,8,1,0,5,1.54,113070.67
1,15.6,1080,6,2.7,4,1,1,6,2.18,44684.08
4,11.6,768,1,1.1,4,5,0,3,1.4,37186.34
2,13.3,1080,5,2.3,8,1,1,6,1.45,62037.71
4,13.3,1080,5,2.5,8,1,0,6,1.28,137680.17
2,14,1080,6,2.5,8,1,0,6,1.54,88763.5
1,15.6,768,1,1.6,4,1,0,8,1.86,18079.21
3,15.6,1080,6,2.8,16,3,1,6,2.1,114824.17
1,17.3,1080,6,2.7,8,0,1,2,2.83,52302.74
2,14,1080,6,2.8,8,1,1,6,1.96,115066.04
1,15.6,1080,6,2.7,8,1,1,6,2.3,47586.43
1,15.6,1080,5,2.5,8,1,0,6,1.9,57139.99
1,15.6,768,2,1.1,4,0,0,6,2,27149.05
4,13.3,1080,6,2.8,8,1,0,6,1.28,154731.47
1,13.3,1080,5,2.3,8,0,0,6,1.62,39242.17
1,15.6,1080,4,2,4,0,0,8,2.2,28358.37
1,15.6,1080,5,2.5,8,0,0,6,2.3,51435.67
1,15.6,1080,5,2.6,8,1,1,6,1.84,81568.09
1,13.3,1080,5,2.5,4,1,0,6,1.05,77698.3
3,15.6,1080,5,2.5,8,0,1,8,2.5,61493.52
2,13.3,1800,6,2.5,16,1,0,6,1.29,135442.94
1,15.6,1080,5,2.3,4,0,0,6,2.07,55023.7
2,13.3,768,5,2.3,8,1,0,6,1.2,66209.83
4,13.3,1080,6,2.7,8,1,0,6,1.37,117907.92
1,14,1080,5,2.5,8,1,0,6,1.56,54539.97
6,15.6,1080,6,2.8,8,0,1,6,2.23,107507.84
1,15.6,768,5,2.5,4,0,0,6,2.38,63791.21
1,15.6,1080,4,2,4,0,1,8,2.2,28963.02
1,15.6,1080,6,2.7,8,1,0,6,2,83926.25
1,13.3,1080,4,2.4,4,1,0,6,1.44,44442.22
2,15,1080,6,2.7,16,1,1,6,1.23,111800.89
2,12.5,1080,6,2.8,8,1,0,6,1.6,102186.86
1,15.6,768,2,1.1,4,0,0,2,2,24125.17
2,13.3,1080,5,2.3,8,1,1,6,1.28,56535.34
1,15.6,1080,5,2.5,4,3,1,6,2.18,55174.86
1,15.6,1080,5,2.5,4,1,0,6,2.04,50730.64
4,13.3,1080,5,2.5,4,1,0,6,1.28,102791.52
4,15.6,768,5,2.5,4,0,0,6,2.3,41406.84
1,14.1,768,1,1.1,4,5,0,6,1.65,21042.03
1,15.6,1080,6,2.5,8,0,1,6,2.2,40451.49
1,15.6,768,2,1.6,4,0,0,6,2.2,22311.81
4,13.3,1080,5,2.5,4,1,0,6,1.28,108777.61
1,15.6,768,4,2,4,0,1,2,2.18,27554.17
3,17.3,1080,5,2.5,12,3,1,6,2.2,82831.83
5,11.6,768,1,1.6,4,5,0,3,1.25,17958.28
1,17.3,900,8,2.2,4,0,1,6,2.8,22916.46
1,14,1080,5,2.5,4,1,0,6,1.95,76488.98
4,13.3,1800,6,2.7,16,1,0,6,1.42,84591.37
2,15,1080,6,2.7,8,1,0,6,1.17,102731.05
2,14,1080,5,2.5,8,1,0,6,1.32,108777.61
3,17.3,2160,6,2.6,16,3,1,6,2.43,160173.37
1,13.3,1080,5,2.5,8,1,0,6,1.05,89186.76
3,15.6,1080,6,2.8,8,0,1,2,2.62,56172.54
1,15.6,1080,6,2.7,8,0,1,6,2.04,54419.04
1,15.6,768,4,2,4,0,1,6,2.18,37125.88
1,15.6,1080,5,2.6,8,0,0,6,1.9,56535.34
4,13.3,1800,6,1.3,8,1,0,6,1.24,121723.3
3,17.3,1080,6,2.7,32,3,1,6,3.58,77335.5
4,13.3,1080,6,1.3,16,1,0,6,1.22,99707.77
2,14,1080,6,2.7,8,5,0,6,1.13,123894.01
1,15.6,1080,5,2.5,8,1,0,6,1.95,118693.37
2,15.6,1080,6,2.7,16,1,0,6,1.08,126917.29
5,12.5,1080,6,2.7,8,1,0,6,1.26,89670.48
1,15.6,1080,1,1.5,4,5,0,3,2.2,21707.15
1,15.6,1080,5,2.3,8,3,1,6,2.6,47707.36
2,14,1080,6,2.7,8,1,0,6,0.98,114824.17
1,14,1080,5,2.8,8,1,0,6,1.6,72861.05
2,12.5,2160,7,1.2,8,1,0,6,1.09,187443.36
1,15.6,1080,6,2.7,6,1,1,6,2.2,47707.36
1,15.6,1080,6,2.7,8,1,1,6,2.04,61613.84
1,15.6,1080,4,2.4,4,0,0,6,2.4,30172.33
1,13.3,1080,5,2.5,4,1,0,6,1.44,53270.19
1,13.3,1080,5,2.5,8,1,0,6,1.49,58046.98
3,17.3,1080,6,2.8,16,3,1,6,2.7,96684.49
3,15.6,1080,6,2.8,16,3,1,6,2.6,81568.09
3,15.6,1080,5,2.5,8,3,1,6,2.2,67716.03
1,15.6,768,5,2.5,4,0,1,6,2.18,41418.33
2,15.6,1080,6,2.5,8,1,1,6,1.84,78423.28
2,13.3,1800,6,2.7,8,1,0,6,1.39,69474.97
1,15.6,1080,6,2.6,16,1,1,6,2.4,119419.56
4,13.3,1080,5,2.5,8,1,0,6,1.37,110349.72
1,15.6,768,5,2.3,4,0,0,6,1.95,44133.84
2,12.5,1080,6,2.7,8,1,0,6,1.36,99768.24
1,15.6,1080,5,2.3,8,1,0,6,2.31,70442.42
1,15.6,768,5,2.5,4,0,0,6,2.18,42813.27
1,14,768,5,2.3,4,0,0,6,1.95,69474.97
1,15.6,768,2,1.1,4,0,0,6,2.2,18683.87
2,12.5,1080,5,2.3,4,0,0,6,1.26,95475.18
1,15.6,768,1,1.6,4,0,0,8,1.86,17468.51
4,13.3,1800,6,2.2,16,1,0,6,1.3,108777.61
1,14,1080,5,2.3,4,1,0,6,1.47,66814.49
5,12.5,1080,5,2.3,8,1,0,6,1.26,100917.09
1,15.6,768,4,2,4,0,0,6,2.18,33776.08
3,15.6,1080,6,2.8,8,3,1,6,2.2,72498.25
2,14,1080,5,2.5,8,1,0,6,1.36,99103.12
3,17.3,1440,6,2.7,16,3,1,6,4.36,166764.12
3,17.3,1080,5,2.3,8,3,1,6,2.75,84591.37
1,17.3,900,2,1.6,4,0,1,6,2.8,32046.77
1,15.6,768,5,2.5,4,0,0,6,2.23,37428.21
1,15.6,768,5,2.3,8,1,0,6,2.2,67661.01
4,11.3,1080,7,1.2,8,1,0,6,1.1,78544.81
3,15.6,1080,15,2.1,16,3,1,6,2.5,60405.13
2,12.5,1080,5,2.5,8,1,0,6,1.36,89017.46
1,15.6,1080,6,2.7,8,0,1,8,2.2,41418.94
1,17.3,900,4,2,4,0,1,6,2.36,39846.83
1,14,768,1,1.6,4,5,0,3,1.68,21102.49
6,15.6,1080,6,2.7,8,1,1,6,2,135987.13
2,14,1080,6,2.8,8,1,0,6,1.36,107326.44
1,13.3,1080,5,2.3,8,1,0,5,1.2,88279.78
4,12.5,1080,7,1.2,8,5,0,3,1.2,70079.63
2,14,1080,6,2.6,8,1,0,6,1.7,90032.67
3,17.3,2160,6,2.8,16,3,1,6,4.36,190708.5
4,13.3,1080,5,1.2,8,1,0,6,1.24,114824.17
4,11.6,768,2,1.1,4,1,0,6,1.45,46860.84
2,13.3,1800,6,2.5,8,1,0,6,1.3,76670.38
4,11.6,768,1,1.6,4,5,0,3,1.25,23521.12
1,13.3,1080,5,2.4,8,1,0,6,1.2,92814.7
2,12.5,1080,5,2.6,8,1,0,6,1.36,106419.46
1,15.6,1080,5,2.5,12,3,1,6,2.4,61009.79
2,12.5,1080,6,2.7,8,1,0,6,1.1,108233.42
1,15.6,768,5,2.5,8,0,1,6,2.04,51184.13
1,15.6,768,4,2,4,0,1,2,2.25,28153.99
1,15.6,768,5,2.5,4,0,0,6,1.9,49884.12
1,15.6,1080,4,2.4,4,0,0,6,2.04,41418.94
3,17.3,1080,6,2.8,32,3,1,6,4.42,190406.17
1,15.6,1080,5,2.5,6,1,1,6,2.4,42023.59
4,13.3,1800,6,1.3,16,1,0,6,1.22,114824.17
2,14,1440,6,2.6,8,1,0,6,1.5,118692.76
3,17.3,1080,6,2.6,32,3,1,6,4.42,169303.68
1,14,1080,5,2.3,8,1,0,6,1.95,71349.41
3,17.3,1080,6,2.8,16,3,1,6,2.73,123948.43
1,15.6,1080,5,2.7,8,3,1,6,2.04,59195.82
1,14,768,5,2.3,4,4,0,5,1.7,60586.53
,,,,,,,,,,
